product_id,product_name,category,sub_category
1,"Gaming Chair",Furniture,Chairs
2,"Ergonomic Office Chair",Furniture,Chairs
3,"Wireless Desk Phone",Technology,Phones
4,"Glass Coffee Table",Furniture,Tables
5,"Ergonomic Keyboard",Technology,Accessories
6,"Ergonomic Keyboard",Technology,Accessories
7,"Wireless Desk Phone",Technology,Phones
8,"Claude Monet Poster","Office Supplies",Art
9,"Business VoIP Phone",Technology,Phones
10,"Ergonomic Office Chair",Furniture,Chairs
11,"Business VoIP Phone",Technology,Phones
12,"Watercolor Paint Kit","Office Supplies",Art
13,"USB-C Hub",Technology,Accessories
14,Cardstock,"Office Supplies",Paper
15,"All-in-One Desktop",Technology,Computers
16,"All-in-One Desktop",Technology,Computers
17,"Tablet Pro",Technology,Computers
18,"USB-C Hub",Technology,Accessories
19,"Cube Organizer",Furniture,Bookcases
20,"Sticky Notes","Office Supplies",Paper
21,"Gaming PC",Technology,Computers
22,"Ergonomic Keyboard",Technology,Accessories
23,"3-Ring Binder","Office Supplies",Binders
24,"Ladder Bookshelf",Furniture,Bookcases
25,"Wireless Mouse",Technology,Accessories
26,"USB-C Hub",Technology,Accessories
27,"Watercolor Paint Kit","Office Supplies",Art
28,"USB-C Hub",Technology,Accessories
29,"Leather Executive Chair",Furniture,Chairs
30,"Legal Pads","Office Supplies",Paper
31,"Ergonomic Keyboard",Technology,Accessories
32,"Laptop Cooling Pad",Technology,Accessories
33,"Claude Monet Poster","Office Supplies",Art
34,"Wireless Desk Phone",Technology,Phones
35,"Wireless Desk Phone",Technology,Phones
36,"Leather Executive Chair",Furniture,Chairs
37,"Wireless Mouse",Technology,Accessories
38,"All-in-One Desktop",Technology,Computers
39,"Leather Executive Chair",Furniture,Chairs
40,"Rugged Flip Phone",Technology,Phones
41,"Leather Executive Chair",Furniture,Chairs
42,"Business VoIP Phone",Technology,Phones
43,"Recycled Printer Paper","Office Supplies",Paper
44,"Business VoIP Phone",Technology,Phones
45,"Wireless Mouse",Technology,Accessories
46,"Gaming Chair",Furniture,Chairs
47,Cardstock,"Office Supplies",Paper
48,"Sticky Notes","Office Supplies",Paper
49,"Recycled Printer Paper","Office Supplies",Paper
50,"Laptop Cooling Pad",Technology,Accessories
51,"Presentation Folder","Office Supplies",Binders
52,"Colored Pencil Set","Office Supplies",Art
53,"Mesh Task Chair",Furniture,Chairs
54,"Gaming Chair",Furniture,Chairs
55,"Glass Coffee Table",Furniture,Tables
56,"Ergonomic Keyboard",Technology,Accessories
57,"Watercolor Paint Kit","Office Supplies",Art
58,"Cube Organizer",Furniture,Bookcases
59,"Mesh Task Chair",Furniture,Chairs
60,"Sketch Pad","Office Supplies",Art
61,"Leather Executive Chair",Furniture,Chairs
62,"Leather Executive Chair",Furniture,Chairs
63,"Sketch Pad","Office Supplies",Art
64,"Legal Pads","Office Supplies",Paper
65,"Folding Card Table",Furniture,Tables
66,"Standing Desk",Furniture,Tables
67,"Pro Laptop 15""",Technology,Computers
68,"USB-C Hub",Technology,Accessories
69,"3-Ring Binder","Office Supplies",Binders
70,"Standing Desk",Furniture,Tables
71,"USB-C Hub",Technology,Accessories
72,"5-Shelf Bookcase",Furniture,Bookcases
73,"Mesh Task Chair",Furniture,Chairs
74,"Legal Pads","Office Supplies",Paper
75,"Folding Card Table",Furniture,Tables
76,"Wireless Desk Phone",Technology,Phones
77,"Gaming Chair",Furniture,Chairs
78,"Ergonomic Keyboard",Technology,Accessories
79,"Leather Executive Chair",Furniture,Chairs
80,"Mesh Task Chair",Furniture,Chairs
81,"Smartphone X12",Technology,Phones
82,"Legal Pads","Office Supplies",Paper
83,"USB-C Hub",Technology,Accessories
84,"Laptop Cooling Pad",Technology,Accessories
85,"Gaming PC",Technology,Computers
86,"Glass Coffee Table",Furniture,Tables
87,Cardstock,"Office Supplies",Paper
88,"Presentation Folder","Office Supplies",Binders
89,"Watercolor Paint Kit","Office Supplies",Art
90,"All-in-One Desktop",Technology,Computers
91,"USB-C Hub",Technology,Accessories
92,"All-in-One Desktop",Technology,Computers
93,"Standing Desk",Furniture,Tables
94,"Wireless Mouse",Technology,Accessories
95,"Pro Laptop 15""",Technology,Computers
96,"Gaming PC",Technology,Computers
97,"Wireless Mouse",Technology,Accessories
98,"USB-C Hub",Technology,Accessories
99,"Cube Organizer",Furniture,Bookcases
100,"Ladder Bookshelf",Furniture,Bookcases
101,Cardstock,"Office Supplies",Paper
102,"Gaming Chair",Furniture,Chairs
103,"Standing Desk",Furniture,Tables
104,"Laptop Cooling Pad",Technology,Accessories
105,"Claude Monet Poster","Office Supplies",Art
106,"Tablet Pro",Technology,Computers
107,"All-in-One Desktop",Technology,Computers
108,"Leather Executive Chair",Furniture,Chairs
109,"USB-C Hub",Technology,Accessories
110,"Business VoIP Phone",Technology,Phones
111,"Ladder Bookshelf",Furniture,Bookcases
112,"Leather Executive Chair",Furniture,Chairs
113,"Folding Card Table",Furniture,Tables
114,"Sticky Notes","Office Supplies",Paper
115,"Wireless Desk Phone",Technology,Phones
116,"All-in-One Desktop",Technology,Computers
117,"3-Ring Binder","Office Supplies",Binders
118,"Oak Dining Table",Furniture,Tables
119,"Watercolor Paint Kit","Office Supplies",Art
120,"Wireless Desk Phone",Technology,Phones
121,"Sketch Pad","Office Supplies",Art
122,"Glass Coffee Table",Furniture,Tables
123,"Laptop Cooling Pad",Technology,Accessories
124,"Standing Desk",Furniture,Tables
125,"Rugged Flip Phone",Technology,Phones
126,"Colored Pencil Set","Office Supplies",Art
127,"Ergonomic Keyboard",Technology,Accessories
128,Cardstock,"Office Supplies",Paper
129,"Legal Pads","Office Supplies",Paper
130,"Document Organizer","Office Supplies",Binders
131,"Colored Pencil Set","Office Supplies",Art
132,"Rugged Flip Phone",Technology,Phones
133,"Watercolor Paint Kit","Office Supplies",Art
134,"Recycled Printer Paper","Office Supplies",Paper
135,"All-in-One Desktop",Technology,Computers
136,"Presentation Folder","Office Supplies",Binders
137,"Recycled Printer Paper","Office Supplies",Paper
138,"Oak Dining Table",Furniture,Tables
139,"Standing Desk",Furniture,Tables
140,"USB-C Hub",Technology,Accessories
141,"Sketch Pad","Office Supplies",Art
142,"Oak Dining Table",Furniture,Tables
143,"Document Organizer","Office Supplies",Binders
144,"Standing Desk",Furniture,Tables
145,Cardstock,"Office Supplies",Paper
146,"Wireless Mouse",Technology,Accessories
147,"Rugged Flip Phone",Technology,Phones
148,"Legal Pads","Office Supplies",Paper
149,"Sticky Notes","Office Supplies",Paper
150,"Rugged Flip Phone",Technology,Phones
151,"Gaming Chair",Furniture,Chairs
152,"Laptop Cooling Pad",Technology,Accessories
153,"Legal Pads","Office Supplies",Paper
154,"Smartphone X12",Technology,Phones
155,"Rugged Flip Phone",Technology,Phones
156,"3-Ring Binder","Office Supplies",Binders
157,"Business VoIP Phone",Technology,Phones
158,"Wireless Desk Phone",Technology,Phones
159,"Colored Pencil Set","Office Supplies",Art
160,"USB-C Hub",Technology,Accessories
161,"Claude Monet Poster","Office Supplies",Art
162,"Presentation Folder","Office Supplies",Binders
163,"Recycled Printer Paper","Office Supplies",Paper
164,"Legal Pads","Office Supplies",Paper
165,"3-Ring Binder","Office Supplies",Binders
166,"Wireless Mouse",Technology,Accessories
167,"Mesh Task Chair",Furniture,Chairs
168,"Document Organizer","Office Supplies",Binders
169,"5-Shelf Bookcase",Furniture,Bookcases
170,"Mesh Task Chair",Furniture,Chairs
171,"Document Organizer","Office Supplies",Binders
172,"Folding Card Table",Furniture,Tables
173,"Ladder Bookshelf",Furniture,Bookcases
174,"3-Ring Binder","Office Supplies",Binders
175,"Sketch Pad","Office Supplies",Art
176,"Laptop Cooling Pad",Technology,Accessories
177,"Floating Wall Shelves",Furniture,Bookcases
178,"Ergonomic Office Chair",Furniture,Chairs
179,"Smartphone X12",Technology,Phones
180,"Pro Laptop 15""",Technology,Computers
181,"Floating Wall Shelves",Furniture,Bookcases
182,"Glass Coffee Table",Furniture,Tables
183,"Legal Pads","Office Supplies",Paper
184,"Smartphone X12",Technology,Phones
185,"Legal Pads","Office Supplies",Paper
186,"All-in-One Desktop",Technology,Computers
187,"Watercolor Paint Kit","Office Supplies",Art
188,"Folding Card Table",Furniture,Tables
189,"5-Shelf Bookcase",Furniture,Bookcases
190,"Cube Organizer",Furniture,Bookcases
191,"Legal Pads","Office Supplies",Paper
192,"Gaming PC",Technology,Computers
193,"Floating Wall Shelves",Furniture,Bookcases
194,"3-Ring Binder","Office Supplies",Binders
195,"Business VoIP Phone",Technology,Phones
196,"Ergonomic Office Chair",Furniture,Chairs
197,"Sheet Protectors","Office Supplies",Binders
198,"Wireless Mouse",Technology,Accessories
199,"Watercolor Paint Kit","Office Supplies",Art
200,"Laptop Cooling Pad",Technology,Accessories
201,"Pro Laptop 15""",Technology,Computers
202,"Wireless Desk Phone",Technology,Phones
203,"Watercolor Paint Kit","Office Supplies",Art
204,"Recycled Printer Paper","Office Supplies",Paper
205,"Tablet Pro",Technology,Computers
206,"Claude Monet Poster","Office Supplies",Art
207,"Standing Desk",Furniture,Tables
208,"Rugged Flip Phone",Technology,Phones
209,"Floating Wall Shelves",Furniture,Bookcases
210,"Sketch Pad","Office Supplies",Art
211,"Colored Pencil Set","Office Supplies",Art
212,"Standing Desk",Furniture,Tables
213,"Presentation Folder","Office Supplies",Binders
214,"USB-C Hub",Technology,Accessories
215,"Gaming PC",Technology,Computers
216,"Wireless Mouse",Technology,Accessories
217,"Watercolor Paint Kit","Office Supplies",Art
218,"Recycled Printer Paper","Office Supplies",Paper
219,"Mesh Task Chair",Furniture,Chairs
220,"Smartphone X12",Technology,Phones
221,"Wireless Mouse",Technology,Accessories
222,"Smartphone X12",Technology,Phones
223,"Tablet Pro",Technology,Computers
224,"Document Organizer","Office Supplies",Binders
225,"Sheet Protectors","Office Supplies",Binders
226,"Mesh Task Chair",Furniture,Chairs
227,"5-Shelf Bookcase",Furniture,Bookcases
228,"Sheet Protectors","Office Supplies",Binders
229,"Leather Executive Chair",Furniture,Chairs
230,"Sketch Pad","Office Supplies",Art
231,"Watercolor Paint Kit","Office Supplies",Art
232,"Glass Coffee Table",Furniture,Tables
233,"Oak Dining Table",Furniture,Tables
234,"Tablet Pro",Technology,Computers
235,"Wireless Desk Phone",Technology,Phones
236,"Sketch Pad","Office Supplies",Art
237,"Pro Laptop 15""",Technology,Computers
238,"Leather Executive Chair",Furniture,Chairs
239,"Sheet Protectors","Office Supplies",Binders
240,"Mesh Task Chair",Furniture,Chairs
241,"Colored Pencil Set","Office Supplies",Art
242,"5-Shelf Bookcase",Furniture,Bookcases
243,"Ergonomic Keyboard",Technology,Accessories
244,"Gaming PC",Technology,Computers
245,"Sketch Pad","Office Supplies",Art
246,"Cube Organizer",Furniture,Bookcases
247,"Ergonomic Keyboard",Technology,Accessories
248,"Rugged Flip Phone",Technology,Phones
249,"Laptop Cooling Pad",Technology,Accessories
250,"Laptop Cooling Pad",Technology,Accessories
251,"3-Ring Binder","Office Supplies",Binders
252,"Standing Desk",Furniture,Tables
253,"3-Ring Binder","Office Supplies",Binders
254,"Sticky Notes","Office Supplies",Paper
255,"Oak Dining Table",Furniture,Tables
256,"Laptop Cooling Pad",Technology,Accessories
257,"Colored Pencil Set","Office Supplies",Art
258,"Claude Monet Poster","Office Supplies",Art
259,"Cube Organizer",Furniture,Bookcases
260,"Wireless Desk Phone",Technology,Phones
261,"Legal Pads","Office Supplies",Paper
262,"Rugged Flip Phone",Technology,Phones
263,"Claude Monet Poster","Office Supplies",Art
264,"Watercolor Paint Kit","Office Supplies",Art
265,"Ergonomic Keyboard",Technology,Accessories
266,"Wireless Desk Phone",Technology,Phones
267,"USB-C Hub",Technology,Accessories
268,"Legal Pads","Office Supplies",Paper
269,"Ergonomic Keyboard",Technology,Accessories
270,"Cube Organizer",Furniture,Bookcases
271,"Standing Desk",Furniture,Tables
272,"Sheet Protectors","Office Supplies",Binders
273,"Rugged Flip Phone",Technology,Phones
274,"Sheet Protectors","Office Supplies",Binders
275,"Oak Dining Table",Furniture,Tables
276,"Rugged Flip Phone",Technology,Phones
277,"Sheet Protectors","Office Supplies",Binders
278,"Glass Coffee Table",Furniture,Tables
279,"USB-C Hub",Technology,Accessories
280,"Leather Executive Chair",Furniture,Chairs
281,"Gaming PC",Technology,Computers
282,"Recycled Printer Paper","Office Supplies",Paper
283,"Legal Pads","Office Supplies",Paper
284,"Mesh Task Chair",Furniture,Chairs
285,"Legal Pads","Office Supplies",Paper
286,Cardstock,"Office Supplies",Paper
287,"Claude Monet Poster","Office Supplies",Art
288,"Folding Card Table",Furniture,Tables
289,"Document Organizer","Office Supplies",Binders
290,"Presentation Folder","Office Supplies",Binders
291,"Legal Pads","Office Supplies",Paper
292,"Claude Monet Poster","Office Supplies",Art
293,"Colored Pencil Set","Office Supplies",Art
294,"Gaming Chair",Furniture,Chairs
295,"Ladder Bookshelf",Furniture,Bookcases
296,"Folding Card Table",Furniture,Tables
297,"Standing Desk",Furniture,Tables
298,"3-Ring Binder","Office Supplies",Binders
299,"Wireless Desk Phone",Technology,Phones
300,"Ergonomic Keyboard",Technology,Accessories
301,"Gaming Chair",Furniture,Chairs
302,"3-Ring Binder","Office Supplies",Binders
303,"Legal Pads","Office Supplies",Paper
304,"Sticky Notes","Office Supplies",Paper
305,"Document Organizer","Office Supplies",Binders
306,"Wireless Desk Phone",Technology,Phones
307,"Ergonomic Office Chair",Furniture,Chairs
308,"Watercolor Paint Kit","Office Supplies",Art
309,"Laptop Cooling Pad",Technology,Accessories
310,"Legal Pads","Office Supplies",Paper
311,"All-in-One Desktop",Technology,Computers
312,"Business VoIP Phone",Technology,Phones
313,"Claude Monet Poster","Office Supplies",Art
314,"Business VoIP Phone",Technology,Phones
315,"Presentation Folder","Office Supplies",Binders
316,"Mesh Task Chair",Furniture,Chairs
317,"Sticky Notes","Office Supplies",Paper
318,"Sticky Notes","Office Supplies",Paper
319,"Business VoIP Phone",Technology,Phones
320,"Pro Laptop 15""",Technology,Computers
321,"Mesh Task Chair",Furniture,Chairs
322,"Leather Executive Chair",Furniture,Chairs
323,"All-in-One Desktop",Technology,Computers
324,"All-in-One Desktop",Technology,Computers
325,"All-in-One Desktop",Technology,Computers
326,"Rugged Flip Phone",Technology,Phones
327,"3-Ring Binder","Office Supplies",Binders
328,Cardstock,"Office Supplies",Paper
329,"Sheet Protectors","Office Supplies",Binders
330,"Tablet Pro",Technology,Computers
331,"Gaming Chair",Furniture,Chairs
332,"Rugged Flip Phone",Technology,Phones
333,"Leather Executive Chair",Furniture,Chairs
334,"All-in-One Desktop",Technology,Computers
335,"Pro Laptop 15""",Technology,Computers
336,"Presentation Folder","Office Supplies",Binders
337,"Ergonomic Office Chair",Furniture,Chairs
338,"Presentation Folder","Office Supplies",Binders
339,"Rugged Flip Phone",Technology,Phones
340,"Ergonomic Office Chair",Furniture,Chairs
341,"Rugged Flip Phone",Technology,Phones
342,"Rugged Flip Phone",Technology,Phones
343,"Leather Executive Chair",Furniture,Chairs
344,"Colored Pencil Set","Office Supplies",Art
345,"Wireless Desk Phone",Technology,Phones
346,"Laptop Cooling Pad",Technology,Accessories
347,"Ladder Bookshelf",Furniture,Bookcases
348,"Tablet Pro",Technology,Computers
349,"Leather Executive Chair",Furniture,Chairs
350,"Colored Pencil Set","Office Supplies",Art
351,"Oak Dining Table",Furniture,Tables
352,"Gaming Chair",Furniture,Chairs
353,"Smartphone X12",Technology,Phones
354,"Pro Laptop 15""",Technology,Computers
355,"Wireless Desk Phone",Technology,Phones
356,"Standing Desk",Furniture,Tables
357,"Gaming Chair",Furniture,Chairs
358,"Sketch Pad","Office Supplies",Art
359,"Sheet Protectors","Office Supplies",Binders
360,"Document Organizer","Office Supplies",Binders
361,"Standing Desk",Furniture,Tables
362,"Sticky Notes","Office Supplies",Paper
363,"Gaming PC",Technology,Computers
364,"Gaming PC",Technology,Computers
365,"Recycled Printer Paper","Office Supplies",Paper
366,"5-Shelf Bookcase",Furniture,Bookcases
367,"Cube Organizer",Furniture,Bookcases
368,"Pro Laptop 15""",Technology,Computers
369,"Laptop Cooling Pad",Technology,Accessories
370,"Glass Coffee Table",Furniture,Tables
371,"Presentation Folder","Office Supplies",Binders
372,"Sheet Protectors","Office Supplies",Binders
373,"Recycled Printer Paper","Office Supplies",Paper
374,"Gaming PC",Technology,Computers
375,"Wireless Desk Phone",Technology,Phones
376,"Leather Executive Chair",Furniture,Chairs
377,Cardstock,"Office Supplies",Paper
378,"Mesh Task Chair",Furniture,Chairs
379,"Presentation Folder","Office Supplies",Binders
380,"3-Ring Binder","Office Supplies",Binders
381,"Smartphone X12",Technology,Phones
382,"Oak Dining Table",Furniture,Tables
383,"Laptop Cooling Pad",Technology,Accessories
384,"3-Ring Binder","Office Supplies",Binders
385,"Presentation Folder","Office Supplies",Binders
386,"Presentation Folder","Office Supplies",Binders
387,"Smartphone X12",Technology,Phones
388,"Document Organizer","Office Supplies",Binders
389,"Ergonomic Keyboard",Technology,Accessories
390,"Colored Pencil Set","Office Supplies",Art
391,"Wireless Mouse",Technology,Accessories
392,"Gaming PC",Technology,Computers
393,"Sketch Pad","Office Supplies",Art
394,"Watercolor Paint Kit","Office Supplies",Art
395,"Wireless Mouse",Technology,Accessories
396,"3-Ring Binder","Office Supplies",Binders
397,"Sketch Pad","Office Supplies",Art
398,"Oak Dining Table",Furniture,Tables
399,"Gaming Chair",Furniture,Chairs
400,"Sticky Notes","Office Supplies",Paper
401,"Wireless Mouse",Technology,Accessories
402,"Pro Laptop 15""",Technology,Computers
403,"Floating Wall Shelves",Furniture,Bookcases
404,"All-in-One Desktop",Technology,Computers
405,"Legal Pads","Office Supplies",Paper
406,"Sticky Notes","Office Supplies",Paper
407,"Sticky Notes","Office Supplies",Paper
408,"Watercolor Paint Kit","Office Supplies",Art
409,"Wireless Desk Phone",Technology,Phones
410,"Leather Executive Chair",Furniture,Chairs
411,"Document Organizer","Office Supplies",Binders
412,"Watercolor Paint Kit","Office Supplies",Art
413,"Rugged Flip Phone",Technology,Phones
414,"5-Shelf Bookcase",Furniture,Bookcases
415,"Ergonomic Office Chair",Furniture,Chairs
416,"Folding Card Table",Furniture,Tables
417,"Mesh Task Chair",Furniture,Chairs
418,"Folding Card Table",Furniture,Tables
419,"Business VoIP Phone",Technology,Phones
420,"Gaming Chair",Furniture,Chairs
421,"Wireless Mouse",Technology,Accessories
422,"Recycled Printer Paper","Office Supplies",Paper
423,"Oak Dining Table",Furniture,Tables
424,"Tablet Pro",Technology,Computers
425,"Ergonomic Office Chair",Furniture,Chairs
426,"Rugged Flip Phone",Technology,Phones
427,"Rugged Flip Phone",Technology,Phones
428,"Document Organizer","Office Supplies",Binders
429,"Glass Coffee Table",Furniture,Tables
430,"3-Ring Binder","Office Supplies",Binders
431,"Cube Organizer",Furniture,Bookcases
432,"Rugged Flip Phone",Technology,Phones
433,"Leather Executive Chair",Furniture,Chairs
434,"Presentation Folder","Office Supplies",Binders
435,Cardstock,"Office Supplies",Paper
436,"Business VoIP Phone",Technology,Phones
437,"Wireless Mouse",Technology,Accessories
438,"Pro Laptop 15""",Technology,Computers
439,"Ergonomic Office Chair",Furniture,Chairs
440,"Recycled Printer Paper","Office Supplies",Paper
441,"Business VoIP Phone",Technology,Phones
442,"Recycled Printer Paper","Office Supplies",Paper
443,"USB-C Hub",Technology,Accessories
444,"Glass Coffee Table",Furniture,Tables
445,"Watercolor Paint Kit","Office Supplies",Art
446,"All-in-One Desktop",Technology,Computers
447,"Folding Card Table",Furniture,Tables
448,"USB-C Hub",Technology,Accessories
449,"Pro Laptop 15""",Technology,Computers
450,"Presentation Folder","Office Supplies",Binders
451,"USB-C Hub",Technology,Accessories
452,"Business VoIP Phone",Technology,Phones
453,"Recycled Printer Paper","Office Supplies",Paper
454,"Sticky Notes","Office Supplies",Paper
455,"5-Shelf Bookcase",Furniture,Bookcases
456,"Floating Wall Shelves",Furniture,Bookcases
457,"USB-C Hub",Technology,Accessories
458,"All-in-One Desktop",Technology,Computers
459,"5-Shelf Bookcase",Furniture,Bookcases
460,"Cube Organizer",Furniture,Bookcases
461,"Gaming Chair",Furniture,Chairs
462,"Gaming Chair",Furniture,Chairs
463,"Presentation Folder","Office Supplies",Binders
464,"Sketch Pad","Office Supplies",Art
465,"Document Organizer","Office Supplies",Binders
466,"Sticky Notes","Office Supplies",Paper
467,"Ergonomic Keyboard",Technology,Accessories
468,"Wireless Desk Phone",Technology,Phones
469,"Gaming Chair",Furniture,Chairs
470,"Wireless Desk Phone",Technology,Phones
471,"Watercolor Paint Kit","Office Supplies",Art
472,"Wireless Desk Phone",Technology,Phones
473,"Rugged Flip Phone",Technology,Phones
474,"Wireless Desk Phone",Technology,Phones
475,"Business VoIP Phone",Technology,Phones
476,Cardstock,"Office Supplies",Paper
477,"Floating Wall Shelves",Furniture,Bookcases
478,"Smartphone X12",Technology,Phones
479,"Watercolor Paint Kit","Office Supplies",Art
480,"Sketch Pad","Office Supplies",Art
481,"Cube Organizer",Furniture,Bookcases
482,"Sketch Pad","Office Supplies",Art
483,"Folding Card Table",Furniture,Tables
484,"Legal Pads","Office Supplies",Paper
485,"Wireless Desk Phone",Technology,Phones
486,"Business VoIP Phone",Technology,Phones
487,"Colored Pencil Set","Office Supplies",Art
488,"Document Organizer","Office Supplies",Binders
489,"Laptop Cooling Pad",Technology,Accessories
490,"Claude Monet Poster","Office Supplies",Art
491,"Gaming PC",Technology,Computers
492,"USB-C Hub",Technology,Accessories
493,"Wireless Mouse",Technology,Accessories
494,"Folding Card Table",Furniture,Tables
495,"Sketch Pad","Office Supplies",Art
496,"Watercolor Paint Kit","Office Supplies",Art
497,"Smartphone X12",Technology,Phones
498,"Tablet Pro",Technology,Computers
499,"Oak Dining Table",Furniture,Tables
500,"Smartphone X12",Technology,Phones
